,EDP (uJ cycles),Cycles,Energy (uJ),Utilization,pJ/Algorithm-Compute,pJ/Actual-Compute,Area (mm2)
0,751267.5651736864,9212.0,81.5531442872,1.0,8.645434484147716,8.645434484147716,1.984403875
