,EDP (uJ cycles),Cycles,Energy (uJ),Utilization,pJ/Algorithm-Compute,pJ/Actual-Compute,Area (mm2)
0,19070834.985035367,50176.0,380.07882224639997,1.0,7.39737573441486,7.39737573441486,1.984403875
