,EDP (uJ cycles),Cycles,Energy (uJ),Utilization,pJ/Algorithm-Compute,pJ/Actual-Compute,Area (mm2)
0,17571139.82784635,50176.0,350.19012730879996,1.0,6.815659801498724,6.815659801498724,1.984403875
