,EDP (uJ cycles),Cycles,Energy (uJ),Utilization,pJ/Algorithm-Compute,pJ/Actual-Compute,Area (mm2)
0,457.232020884,54.0,8.467259645999999,1.0,153.12607866753473,153.12607866753473,1.984403875
