,EDP (uJ cycles),Cycles,Energy (uJ),Utilization,pJ/Algorithm-Compute,pJ/Actual-Compute,Area (mm2)
0,934.4704153176,84.0,11.1246478014,0.875,147.808351953125,147.808351953125,1.984403875
