,EDP (uJ cycles),Cycles,Energy (uJ),Utilization,pJ/Algorithm-Compute,pJ/Actual-Compute,Area (mm2)
0,7982673.850522828,33152.0,240.7901137344,0.875,8.10626707955564,8.10626707955564,1.984403875
