,EDP (uJ cycles),Cycles,Energy (uJ),Utilization,pJ/Algorithm-Compute,pJ/Actual-Compute,Area (mm2)
0,1160.7972976512,96.0,12.0916385172,0.84375,145.78074986979166,145.78074986979166,1.984403875
