,EDP (uJ cycles),Cycles,Energy (uJ),Utilization,pJ/Algorithm-Compute,pJ/Actual-Compute,Area (mm2)
0,3582129.8246221826,21504.0,166.5796979456,0.984375,7.684971951766818,7.684971951766818,1.984403875
