,EDP (uJ cycles),Cycles,Energy (uJ),Utilization,pJ/Algorithm-Compute,pJ/Actual-Compute,Area (mm2)
0,544551.95721864,7350.0,74.0887016624,1.0,9.843843226828232,9.843843226828232,1.984403875
