,EDP (uJ cycles),Cycles,Energy (uJ),Utilization,pJ/Algorithm-Compute,pJ/Actual-Compute,Area (mm2)
0,142311582.74654207,138240.0,1029.4530001919998,0.9375,7.757138854166666,7.757138854166666,1.984403875
