,EDP (uJ cycles),Cycles,Energy (uJ),Utilization,pJ/Algorithm-Compute,pJ/Actual-Compute,Area (mm2)
0,2376484.5422263998,4000.0,594.1211355565999,1.0,145.04910536049803,145.04910536049803,1.984403875
