,EDP (uJ cycles),Cycles,Energy (uJ),Utilization,pJ/Algorithm-Compute,pJ/Actual-Compute,Area (mm2)
0,83243017.9053011,112896.0,737.3424913663999,1.0,6.378091577425241,6.378091577425241,1.984403875
