,EDP (uJ cycles),Cycles,Energy (uJ),Utilization,pJ/Algorithm-Compute,pJ/Actual-Compute,Area (mm2)
0,86470827.37940961,115248.0,750.3021950872,1.0,6.357741456596589,6.357741456596589,1.984403875
