,EDP (uJ cycles),Cycles,Energy (uJ),Utilization,pJ/Algorithm-Compute,pJ/Actual-Compute,Area (mm2)
0,22034784.805335857,50176.0,439.14988849919996,1.0,8.547060606415418,8.547060606415418,1.984403875
