,EDP (uJ cycles),Cycles,Energy (uJ),Utilization,pJ/Algorithm-Compute,pJ/Actual-Compute,Area (mm2)
0,1080700.9759264765,12544.0,86.15282014719999,1.0,6.707080151865433,6.707080151865433,1.984403875
