{
    "alexnet": 72.28911876678467,
    "vgg16": 722.5359311103821,
    "densenet": 4187.796194553375,
    "efficientnetb0": 594.2179284095764,
    "efficientnetv2l": 2439.420207977295,
    "inceptionv3": 671.1866431236267,
    "mobilenetv3": 216.51631045341492,
    "regnet_y_1_6_gf": 1530.6382579803467,
    "resnet50": 418.3380603790283,
    "resnet50v2": 401.5936162471771
}