,EDP (uJ cycles),Cycles,Energy (uJ),Utilization,pJ/Algorithm-Compute,pJ/Actual-Compute,Area (mm2)
0,18935106.04379914,50176.0,377.3737652223999,1.0,7.344727909757652,7.344727909757652,1.984403875
