,EDP (uJ cycles),Cycles,Energy (uJ),Utilization,pJ/Algorithm-Compute,pJ/Actual-Compute,Area (mm2)
0,593839.1843316,2000.0,296.91959216579994,1.0,144.98026961220702,144.98026961220702,1.984403875
