,EDP (uJ cycles),Cycles,Energy (uJ),Utilization,pJ/Algorithm-Compute,pJ/Actual-Compute,Area (mm2)
0,73.170109728,24.0,3.048754572,0.84375,147.02713020833335,147.02713020833335,1.984403875
