,EDP (uJ cycles),Cycles,Energy (uJ),Utilization,pJ/Algorithm-Compute,pJ/Actual-Compute,Area (mm2)
0,5604749.631779737,32368.0,173.1571191232,1.0,5.22425695575105,5.22425695575105,1.984403875
