,EDP (uJ cycles),Cycles,Energy (uJ),Utilization,pJ/Algorithm-Compute,pJ/Actual-Compute,Area (mm2)
0,33.954671736,15.0,2.2636447823999997,1.0,147.3727071875,147.3727071875,1.984403875
