,EDP (uJ cycles),Cycles,Energy (uJ),Utilization,pJ/Algorithm-Compute,pJ/Actual-Compute,Area (mm2)
0,137829.28004159997,4200.0,32.816495247999995,0.875,8.72036969812925,8.72036969812925,1.984403875
