,EDP (uJ cycles),Cycles,Energy (uJ),Utilization,pJ/Algorithm-Compute,pJ/Actual-Compute,Area (mm2)
0,504962.47984128,7680.0,65.750322896,0.95703125,8.735959143282313,8.735959143282313,1.984403875
