,EDP (uJ cycles),Cycles,Energy (uJ),Utilization,pJ/Algorithm-Compute,pJ/Actual-Compute,Area (mm2)
0,5531568.2623488,25088.0,220.4866176,1.0,8.582547931281887,8.582547931281887,1.984403875
