,EDP (uJ cycles),Cycles,Energy (uJ),Utilization,pJ/Algorithm-Compute,pJ/Actual-Compute,Area (mm2)
0,18831229.324466586,50176.0,375.3035181056,1.0,7.304435226004465,7.304435226004465,1.984403875
