,EDP (uJ cycles),Cycles,Energy (uJ),Utilization,pJ/Algorithm-Compute,pJ/Actual-Compute,Area (mm2)
0,1022436.0532651774,11424.0,89.49895424239999,0.875,8.74362970211522,8.74362970211522,1.984403875
