,EDP (uJ cycles),Cycles,Energy (uJ),Utilization,pJ/Algorithm-Compute,pJ/Actual-Compute,Area (mm2)
0,36.2211961792,16.0,2.2638247612,0.9375,147.38442455729168,147.38442455729168,1.984403875
