,EDP (uJ cycles),Cycles,Energy (uJ),Utilization,pJ/Algorithm-Compute,pJ/Actual-Compute,Area (mm2)
0,740938815.2527814,307328.0,2410.9056618751997,1.0,7.660870667251275,7.660870667251275,1.984403875
