,EDP (uJ cycles),Cycles,Energy (uJ),Utilization,pJ/Algorithm-Compute,pJ/Actual-Compute,Area (mm2)
0,19785120742.26008,2073600.0,9541.4355431424,1.0,4.493541737847222,4.493541737847222,1.984403875
