,EDP (uJ cycles),Cycles,Energy (uJ),Utilization,pJ/Algorithm-Compute,pJ/Actual-Compute,Area (mm2)
0,14280868.221952816,45696.0,312.51899995519994,0.875,7.632911561968537,7.632911561968537,1.984403875
