,EDP (uJ cycles),Cycles,Energy (uJ),Utilization,pJ/Algorithm-Compute,pJ/Actual-Compute,Area (mm2)
0,238572.3905664,1280.0,186.38468013,0.9765625,145.61303135156248,145.61303135156248,1.984403875
