,EDP (uJ cycles),Cycles,Energy (uJ),Utilization,pJ/Algorithm-Compute,pJ/Actual-Compute,Area (mm2)
0,9922566.41585971,34560.0,287.11129675519993,1.0,8.112908730830439,8.112908730830439,1.984403875
