,EDP (uJ cycles),Cycles,Energy (uJ),Utilization,pJ/Algorithm-Compute,pJ/Actual-Compute,Area (mm2)
0,39772245.31633766,16384.0,2427.5052072959998,1.0,144.69058557128906,144.69058557128906,1.984403875
