,EDP (uJ cycles),Cycles,Energy (uJ),Utilization,pJ/Algorithm-Compute,pJ/Actual-Compute,Area (mm2)
0,50043876.530942366,97344.0,514.0930774464,1.0,5.157421319688425,5.157421319688425,1.984403875
