,EDP (uJ cycles),Cycles,Energy (uJ),Utilization,pJ/Algorithm-Compute,pJ/Actual-Compute,Area (mm2)
0,6551072.976339762,28224.0,232.11001191679998,1.0,8.031105920936083,8.031105920936083,1.984403875
