,EDP (uJ cycles),Cycles,Energy (uJ),Utilization,pJ/Algorithm-Compute,pJ/Actual-Compute,Area (mm2)
0,29969521.152941257,72576.0,412.9398307007999,0.875,6.350175633326247,6.350175633326247,1.984403875
