,EDP (uJ cycles),Cycles,Energy (uJ),Utilization,pJ/Algorithm-Compute,pJ/Actual-Compute,Area (mm2)
0,8379740.255829196,34944.0,239.8048379072,0.875,7.659092491455717,7.659092491455717,1.984403875
