,EDP (uJ cycles),Cycles,Energy (uJ),Utilization,pJ/Algorithm-Compute,pJ/Actual-Compute,Area (mm2)
0,617190.1019112192,8736.0,70.6490501272,0.875,9.025799714134452,9.025799714134452,1.984403875
