,EDP (uJ cycles),Cycles,Energy (uJ),Utilization,pJ/Algorithm-Compute,pJ/Actual-Compute,Area (mm2)
0,0.021926381199999997,1.0,0.021926381199999997,0.125,171.299853125,171.299853125,1.984403875
