,EDP (uJ cycles),Cycles,Energy (uJ),Utilization,pJ/Algorithm-Compute,pJ/Actual-Compute,Area (mm2)
0,15909268.082812516,50176.0,317.0692777984,1.0,6.171037280771683,6.171037280771683,1.984403875
