,EDP (uJ cycles),Cycles,Energy (uJ),Utilization,pJ/Algorithm-Compute,pJ/Actual-Compute,Area (mm2)
0,21302737.444850888,50176.0,424.56029665279993,1.0,8.263107156808035,8.263107156808035,1.984403875
