,EDP (uJ cycles),Cycles,Energy (uJ),Utilization,pJ/Algorithm-Compute,pJ/Actual-Compute,Area (mm2)
0,385316.55436861434,5376.0,71.6734662144,0.875,14.879595950255101,14.879595950255101,1.984403875
