,EDP (uJ cycles),Cycles,Energy (uJ),Utilization,pJ/Algorithm-Compute,pJ/Actual-Compute,Area (mm2)
0,9011865561.099928,1244160.0,7243.333302067201,0.9375,6.064444168209877,6.064444168209877,1.984403875
