,EDP (uJ cycles),Cycles,Energy (uJ),Utilization,pJ/Algorithm-Compute,pJ/Actual-Compute,Area (mm2)
0,12.5243865792,9.0,1.3915985087999998,1.0,150.99810208333332,150.99810208333332,1.984403875
