,EDP (uJ cycles),Cycles,Energy (uJ),Utilization,pJ/Algorithm-Compute,pJ/Actual-Compute,Area (mm2)
0,5600411.113907814,25088.0,223.2306725888,1.0,8.68936159518495,8.68936159518495,1.984403875
