,EDP (uJ cycles),Cycles,Energy (uJ),Utilization,pJ/Algorithm-Compute,pJ/Actual-Compute,Area (mm2)
0,0.1466656388,1.0,0.1466656388,0.84375,169.75189675925927,169.75189675925927,1.984403875
