,EDP (uJ cycles),Cycles,Energy (uJ),Utilization,pJ/Algorithm-Compute,pJ/Actual-Compute,Area (mm2)
0,14861847.928140594,50176.0,296.19435443519995,0.828125,6.961212438706319,6.961212438706319,1.984403875
