,EDP (uJ cycles),Cycles,Energy (uJ),Utilization,pJ/Algorithm-Compute,pJ/Actual-Compute,Area (mm2)
0,148318.82047039998,1000.0,148.3188204704,1.0,144.842598115625,144.842598115625,1.984403875
