{"0": 12.952329635620117, "1": 21.758674383163452, "2": 12.41358995437622, "3": 16.054530382156372, "4": 16.13994550704956, "5": 12.308351993560791}