,EDP (uJ cycles),Cycles,Energy (uJ),Utilization,pJ/Algorithm-Compute,pJ/Actual-Compute,Area (mm2)
0,31864.262504479993,1960.0,16.257276788,0.9375,8.640134347363945,8.640134347363945,1.984403875
