,EDP (uJ cycles),Cycles,Energy (uJ),Utilization,pJ/Algorithm-Compute,pJ/Actual-Compute,Area (mm2)
0,1725142.9192994304,16464.0,104.7827331936,0.875,7.103074266581633,7.103074266581633,1.984403875
