,EDP (uJ cycles),Cycles,Energy (uJ),Utilization,pJ/Algorithm-Compute,pJ/Actual-Compute,Area (mm2)
0,38248118.58623938,91392.0,418.5061995168,0.796875,5.611817713868636,5.611817713868636,1.984403875
