,EDP (uJ cycles),Cycles,Energy (uJ),Utilization,pJ/Algorithm-Compute,pJ/Actual-Compute,Area (mm2)
0,10938510.826012671,35840.0,305.20398510079997,1.0,8.316148624441963,8.316148624441963,1.984403875
