,EDP (uJ cycles),Cycles,Energy (uJ),Utilization,pJ/Algorithm-Compute,pJ/Actual-Compute,Area (mm2)
0,8434162.732105728,30720.0,274.5495681024,1.0,8.72769572265625,8.72769572265625,1.984403875
