,EDP (uJ cycles),Cycles,Energy (uJ),Utilization,pJ/Algorithm-Compute,pJ/Actual-Compute,Area (mm2)
0,0.042817891999999996,1.0,0.042817891999999996,0.25,167.257390625,167.257390625,1.984403875
