{"0": 36.17789554595947, "1": 76.6387882232666, "2": 27.92103672027588, "3": 64.90042448043823, "4": 40.41025757789612, "5": 43.68121123313904}