,EDP (uJ cycles),Cycles,Energy (uJ),Utilization,pJ/Algorithm-Compute,pJ/Actual-Compute,Area (mm2)
0,5543601.831936,25600.0,216.54694655999998,1.0,8.26061044921875,8.26061044921875,1.984403875
