,EDP (uJ cycles),Cycles,Energy (uJ),Utilization,pJ/Algorithm-Compute,pJ/Actual-Compute,Area (mm2)
0,26658998.97510707,76160.0,350.0393772992,0.796875,5.632481947499588,5.632481947499588,1.984403875
