,EDP (uJ cycles),Cycles,Energy (uJ),Utilization,pJ/Algorithm-Compute,pJ/Actual-Compute,Area (mm2)
0,20799588.094692554,50176.0,414.5326071167999,1.0,8.067940831024792,8.067940831024792,1.984403875
