,EDP (uJ cycles),Cycles,Energy (uJ),Utilization,pJ/Algorithm-Compute,pJ/Actual-Compute,Area (mm2)
0,810.4528721747998,74.0,10.9520658402,0.984375,146.82627949646073,146.82627949646073,1.984403875
