,EDP (uJ cycles),Cycles,Energy (uJ),Utilization,pJ/Algorithm-Compute,pJ/Actual-Compute,Area (mm2)
0,12955215.297762578,38332.0,337.9738938162,0.984375,8.747040627298217,8.747040627298217,1.984403875
