,EDP (uJ cycles),Cycles,Energy (uJ),Utilization,pJ/Algorithm-Compute,pJ/Actual-Compute,Area (mm2)
0,36722.00833536,1920.0,19.126046008,0.95703125,10.164777852891158,10.164777852891158,1.984403875
