,EDP (uJ cycles),Cycles,Energy (uJ),Utilization,pJ/Algorithm-Compute,pJ/Actual-Compute,Area (mm2)
0,1168048.6079954943,12544.0,93.11611989759999,1.0,7.249179754264987,7.249179754264987,1.984403875
