,EDP (uJ cycles),Cycles,Energy (uJ),Utilization,pJ/Algorithm-Compute,pJ/Actual-Compute,Area (mm2)
0,40662.642205785596,1848.0,22.0035942672,0.875,13.288735328733766,13.288735328733766,1.984403875
