,EDP (uJ cycles),Cycles,Energy (uJ),Utilization,pJ/Algorithm-Compute,pJ/Actual-Compute,Area (mm2)
0,1.0512340578000001,3.0,0.35041135259999995,0.75,152.08826067708333,152.08826067708333,1.984403875
