,EDP (uJ cycles),Cycles,Energy (uJ),Utilization,pJ/Algorithm-Compute,pJ/Actual-Compute,Area (mm2)
0,128208395.71980287,138240.0,927.4334181119999,0.9375,6.9884004427083335,6.9884004427083335,1.984403875
