,EDP (uJ cycles),Cycles,Energy (uJ),Utilization,pJ/Algorithm-Compute,pJ/Actual-Compute,Area (mm2)
0,21591.4033907712,1344.0,16.0650322848,0.984375,11.858282759353742,11.858282759353742,1.984403875
