,EDP (uJ cycles),Cycles,Energy (uJ),Utilization,pJ/Algorithm-Compute,pJ/Actual-Compute,Area (mm2)
0,1368906.4013692928,12544.0,109.1283802112,1.0,8.495749665178572,8.495749665178572,1.984403875
