,EDP (uJ cycles),Cycles,Energy (uJ),Utilization,pJ/Algorithm-Compute,pJ/Actual-Compute,Area (mm2)
0,7043.227564319999,216.0,32.60753502,1.0,147.42266628689237,147.42266628689237,1.984403875
