,EDP (uJ cycles),Cycles,Energy (uJ),Utilization,pJ/Algorithm-Compute,pJ/Actual-Compute,Area (mm2)
0,15770242.073614335,49280.0,320.0130290912,0.875,7.247512145683557,7.247512145683557,1.984403875
