,EDP (uJ cycles),Cycles,Energy (uJ),Utilization,pJ/Algorithm-Compute,pJ/Actual-Compute,Area (mm2)
0,857111.1669284863,12544.0,68.3283774656,0.875,6.079348680644133,6.079348680644133,1.984403875
