,EDP (uJ cycles),Cycles,Energy (uJ),Utilization,pJ/Algorithm-Compute,pJ/Actual-Compute,Area (mm2)
0,75850358.1810688,100352.0,755.8430143999999,1.0,7.355388470085299,7.355388470085299,1.984403875
