,EDP (uJ cycles),Cycles,Energy (uJ),Utilization,pJ/Algorithm-Compute,pJ/Actual-Compute,Area (mm2)
0,2086465.5070027777,14112.0,147.8504469248,1.0,10.23137769805839,10.23137769805839,1.984403875
