,EDP (uJ cycles),Cycles,Energy (uJ),Utilization,pJ/Algorithm-Compute,pJ/Actual-Compute,Area (mm2)
0,16742.4862123008,1344.0,12.457207003199997,0.984375,9.195193661422902,9.195193661422902,1.984403875
