,EDP (uJ cycles),Cycles,Energy (uJ),Utilization,pJ/Algorithm-Compute,pJ/Actual-Compute,Area (mm2)
0,2266668.5149753345,18816.0,120.46495083839999,0.875,7.145381046715561,7.145381046715561,1.984403875
