,EDP (uJ cycles),Cycles,Energy (uJ),Utilization,pJ/Algorithm-Compute,pJ/Actual-Compute,Area (mm2)
0,13809226.146405581,40768.0,338.7270934656,1.0,8.113917219694368,8.113917219694368,1.984403875
