,EDP (uJ cycles),Cycles,Energy (uJ),Utilization,pJ/Algorithm-Compute,pJ/Actual-Compute,Area (mm2)
0,281857.9750088704,6272.0,44.9390904032,0.875,7.996689225924745,7.996689225924745,1.984403875
