,EDP (uJ cycles),Cycles,Energy (uJ),Utilization,pJ/Algorithm-Compute,pJ/Actual-Compute,Area (mm2)
0,6361.479316614,222.0,28.655312236999997,0.8671875,145.358089019763,145.358089019763,1.984403875
