,EDP (uJ cycles),Cycles,Energy (uJ),Utilization,pJ/Algorithm-Compute,pJ/Actual-Compute,Area (mm2)
0,875545.981341696,12544.0,69.797989584,0.8125,6.687804081939267,6.687804081939267,1.984403875
