,EDP (uJ cycles),Cycles,Energy (uJ),Utilization,pJ/Algorithm-Compute,pJ/Actual-Compute,Area (mm2)
0,18603210.312882584,50176.0,370.75913410559997,1.0,7.215989056521046,7.215989056521046,1.984403875
