,EDP (uJ cycles),Cycles,Energy (uJ),Utilization,pJ/Algorithm-Compute,pJ/Actual-Compute,Area (mm2)
0,18517262.87370977,49152.0,376.7346776064,1.0,7.485045544433594,7.485045544433594,1.984403875
