,EDP (uJ cycles),Cycles,Energy (uJ),Utilization,pJ/Algorithm-Compute,pJ/Actual-Compute,Area (mm2)
0,67.999460928,24.0,2.8333108719999998,0.765625,150.57987202380951,150.57987202380951,1.984403875
