,EDP (uJ cycles),Cycles,Energy (uJ),Utilization,pJ/Algorithm-Compute,pJ/Actual-Compute,Area (mm2)
0,2.7140691729999995,5.0,0.5428138345999999,0.703125,150.78162072222221,150.78162072222221,1.984403875
