,EDP (uJ cycles),Cycles,Energy (uJ),Utilization,pJ/Algorithm-Compute,pJ/Actual-Compute,Area (mm2)
0,356194.07914137596,6720.0,53.00507130079999,0.875,8.803191316698554,8.803191316698554,1.984403875
