,EDP (uJ cycles),Cycles,Energy (uJ),Utilization,pJ/Algorithm-Compute,pJ/Actual-Compute,Area (mm2)
0,6980.328004723199,216.0,32.3163333552,1.0,146.1061078342014,146.1061078342014,1.984403875
