,EDP (uJ cycles),Cycles,Energy (uJ),Utilization,pJ/Algorithm-Compute,pJ/Actual-Compute,Area (mm2)
0,1042168490.1163007,414720.0,2512.94485464,0.78125,7.574221325954861,7.574221325954861,1.984403875
