,EDP (uJ cycles),Cycles,Energy (uJ),Utilization,pJ/Algorithm-Compute,pJ/Actual-Compute,Area (mm2)
0,5714630.442204365,28224.0,202.4741511552,1.0,7.005692433301446,7.005692433301446,1.984403875
