{"alexnet": 8.296060800552368, "vgg16": 10.989716291427612, "densenet": 85.68212151527405, "efficientnetb0": 30.871721029281616, "efficientnetv2l": 37.88449287414551, "inceptionv3": 40.19134783744812, "mobilenetv3": 27.927300214767456, "regnet_y_1_6_gf": 24.89015293121338, "resnet50": 20.98758339881897, "resnet50v2": 22.782585620880127}