,EDP (uJ cycles),Cycles,Energy (uJ),Utilization,pJ/Algorithm-Compute,pJ/Actual-Compute,Area (mm2)
0,30290610.43620864,51840.0,584.309614896,0.9375,11.74104646701389,11.74104646701389,1.984403875
