,EDP (uJ cycles),Cycles,Energy (uJ),Utilization,pJ/Algorithm-Compute,pJ/Actual-Compute,Area (mm2)
0,448331835.3651302,230400.0,1945.8847021056,1.0,8.247734502604166,8.247734502604166,1.984403875
