,EDP (uJ cycles),Cycles,Energy (uJ),Utilization,pJ/Algorithm-Compute,pJ/Actual-Compute,Area (mm2)
0,6396323.900991897,28224.0,226.62712234239999,1.0,7.8413955910749715,7.8413955910749715,1.984403875
