,EDP (uJ cycles),Cycles,Energy (uJ),Utilization,pJ/Algorithm-Compute,pJ/Actual-Compute,Area (mm2)
0,26770.5582780384,1764.0,15.1760534456,1.0,8.401567286263463,8.401567286263463,1.984403875
