,EDP (uJ cycles),Cycles,Energy (uJ),Utilization,pJ/Algorithm-Compute,pJ/Actual-Compute,Area (mm2)
0,15041015.73858263,52224.0,288.0096457296,0.796875,6.7584443401050684,6.7584443401050684,1.984403875
