,EDP (uJ cycles),Cycles,Energy (uJ),Utilization,pJ/Algorithm-Compute,pJ/Actual-Compute,Area (mm2)
0,20760826.36807209,57344.0,362.04008035839996,0.875,7.046292370356346,7.046292370356346,1.984403875
