,EDP (uJ cycles),Cycles,Energy (uJ),Utilization,pJ/Algorithm-Compute,pJ/Actual-Compute,Area (mm2)
0,11263074.628829185,40320.0,279.3421286912,0.875,7.732285928287983,7.732285928287983,1.984403875
