,EDP (uJ cycles),Cycles,Energy (uJ),Utilization,pJ/Algorithm-Compute,pJ/Actual-Compute,Area (mm2)
0,536492.7644561408,9856.0,54.43311327679999,0.875,6.163884181861665,6.163884181861665,1.984403875
