,EDP (uJ cycles),Cycles,Energy (uJ),Utilization,pJ/Algorithm-Compute,pJ/Actual-Compute,Area (mm2)
0,21712228.34791055,50176.0,432.72138767359996,1.0,8.421944358856823,8.421944358856823,1.984403875
