,EDP (uJ cycles),Cycles,Energy (uJ),Utilization,pJ/Algorithm-Compute,pJ/Actual-Compute,Area (mm2)
0,1489191.2565096444,12544.0,118.71741521919998,1.0,9.24226529017857,9.24226529017857,1.984403875
