,EDP (uJ cycles),Cycles,Energy (uJ),Utilization,pJ/Algorithm-Compute,pJ/Actual-Compute,Area (mm2)
0,9184.966798,980.0,9.3724151,0.9375,9.962175914115646,9.962175914115646,1.984403875
