,EDP (uJ cycles),Cycles,Energy (uJ),Utilization,pJ/Algorithm-Compute,pJ/Actual-Compute,Area (mm2)
0,315356.7054790656,8064.0,39.1067343104,0.875,5.412439090844671,5.412439090844671,1.984403875
