{"alexnet": 49.746602058410645, "vgg16": 923.8779561519623, "densenet": 872.3356974124908, "efficientnetb0": 224.96913743019104, "efficientnetv2l": 4243.272341489792, "inceptionv3": 590.6383030414581, "mobilenetv3": 169.46801447868347, "regnet_y_1_6_gf": 1602.1323382854462, "resnet50": 572.6868095397949, "resnet50v2": 548.4751319885254}