,EDP (uJ cycles),Cycles,Energy (uJ),Utilization,pJ/Algorithm-Compute,pJ/Actual-Compute,Area (mm2)
0,401467.8905617968,6174.0,65.0255734632,1.0,10.285315287521259,10.285315287521259,1.984403875
