,EDP (uJ cycles),Cycles,Energy (uJ),Utilization,pJ/Algorithm-Compute,pJ/Actual-Compute,Area (mm2)
0,322299531.6262502,230400.0,1398.8694949056,0.84375,7.027178452256945,7.027178452256945,1.984403875
