,EDP (uJ cycles),Cycles,Energy (uJ),Utilization,pJ/Algorithm-Compute,pJ/Actual-Compute,Area (mm2)
0,7104219.101734092,36736.0,193.38575516479997,0.875,5.875226372826188,5.875226372826188,1.984403875
