,EDP (uJ cycles),Cycles,Energy (uJ),Utilization,pJ/Algorithm-Compute,pJ/Actual-Compute,Area (mm2)
0,2433074.458420838,21504.0,113.1452036096,0.875,5.872308827593538,5.872308827593538,1.984403875
