,EDP (uJ cycles),Cycles,Energy (uJ),Utilization,pJ/Algorithm-Compute,pJ/Actual-Compute,Area (mm2)
0,7169001.937698815,36864.0,194.47162374399997,0.765625,6.728801554085175,6.728801554085175,1.984403875
