,EDP (uJ cycles),Cycles,Energy (uJ),Utilization,pJ/Algorithm-Compute,pJ/Actual-Compute,Area (mm2)
0,71889205.41810524,129024.0,557.1770013184,0.875,4.819640778681264,4.819640778681264,1.984403875
