,EDP (uJ cycles),Cycles,Energy (uJ),Utilization,pJ/Algorithm-Compute,pJ/Actual-Compute,Area (mm2)
0,101418344.88410275,114688.0,884.2977895167999,0.875,8.6054294889489,8.6054294889489,1.984403875
