,EDP (uJ cycles),Cycles,Energy (uJ),Utilization,pJ/Algorithm-Compute,pJ/Actual-Compute,Area (mm2)
0,449.27779451040004,54.0,8.3199591576,1.0,150.46222434895833,150.46222434895833,1.984403875
