,EDP (uJ cycles),Cycles,Energy (uJ),Utilization,pJ/Algorithm-Compute,pJ/Actual-Compute,Area (mm2)
0,534242.6963904,1920.0,278.25140437,0.9765625,144.92260644270834,144.92260644270834,1.984403875
