,EDP (uJ cycles),Cycles,Energy (uJ),Utilization,pJ/Algorithm-Compute,pJ/Actual-Compute,Area (mm2)
0,13047446.525173757,44800.0,291.2376456511999,0.875,7.255402125797192,7.255402125797192,1.984403875
