,EDP (uJ cycles),Cycles,Energy (uJ),Utilization,pJ/Algorithm-Compute,pJ/Actual-Compute,Area (mm2)
0,55213.158624,600.0,92.02193104,1.0,149.77527838541667,149.77527838541667,1.984403875
