,EDP (uJ cycles),Cycles,Energy (uJ),Utilization,pJ/Algorithm-Compute,pJ/Actual-Compute,Area (mm2)
0,10732179.63940577,37632.0,285.1875967104,1.0,7.400709832389987,7.400709832389987,1.984403875
