,EDP (uJ cycles),Cycles,Energy (uJ),Utilization,pJ/Algorithm-Compute,pJ/Actual-Compute,Area (mm2)
0,68709807.17346816,112896.0,608.61152896,1.0,5.26455495544572,5.26455495544572,1.984403875
