,EDP (uJ cycles),Cycles,Energy (uJ),Utilization,pJ/Algorithm-Compute,pJ/Actual-Compute,Area (mm2)
0,19510863.364567857,50176.0,388.8485204992,1.0,7.56805810148278,7.56805810148278,1.984403875
