,EDP (uJ cycles),Cycles,Energy (uJ),Utilization,pJ/Algorithm-Compute,pJ/Actual-Compute,Area (mm2)
0,22802428.510163806,64736.0,352.2372174703999,0.9375,5.667847383192246,5.667847383192246,1.984403875
