,EDP (uJ cycles),Cycles,Energy (uJ),Utilization,pJ/Algorithm-Compute,pJ/Actual-Compute,Area (mm2)
0,402628.76696659677,5292.0,76.0825334404,1.0,14.039937464642977,14.039937464642977,1.984403875
