,EDP (uJ cycles),Cycles,Energy (uJ),Utilization,pJ/Algorithm-Compute,pJ/Actual-Compute,Area (mm2)
0,395856330.87297666,296352.0,1335.7639930655998,0.65625,6.707375139361299,6.707375139361299,1.984403875
