,EDP (uJ cycles),Cycles,Energy (uJ),Utilization,pJ/Algorithm-Compute,pJ/Actual-Compute,Area (mm2)
0,485389680.20766723,268800.0,1805.765179344,0.984375,6.664559931795635,6.664559931795635,1.984403875
