,EDP (uJ cycles),Cycles,Energy (uJ),Utilization,pJ/Algorithm-Compute,pJ/Actual-Compute,Area (mm2)
0,1117420.5161624735,11172.0,100.0197382888,1.0,8.742886293649862,8.742886293649862,1.984403875
