,EDP (uJ cycles),Cycles,Energy (uJ),Utilization,pJ/Algorithm-Compute,pJ/Actual-Compute,Area (mm2)
0,2578485.091438592,17920.0,143.8886769776,0.984375,7.965775856629111,7.965775856629111,1.984403875
