{"alexnet": 903.7544822692871, "vgg16": 2485.3535685539246, "densenet": 11264.015917301178, "efficientnetb0": 3350.0766501426697, "efficientnetv2l": 4669.18156337738, "inceptionv3": 5210.0086851119995, "mobilenetv3": 3237.658302307129, "regnet_y_1_6_gf": 3405.7892937660217, "resnet50": 3120.766072511673, "resnet50v2": 3332.720869779587}