,EDP (uJ cycles),Cycles,Energy (uJ),Utilization,pJ/Algorithm-Compute,pJ/Actual-Compute,Area (mm2)
0,246750457.2836659,230400.0,1070.9655264048,0.94921875,4.782189171832133,4.782189171832133,1.984403875
