,EDP (uJ cycles),Cycles,Energy (uJ),Utilization,pJ/Algorithm-Compute,pJ/Actual-Compute,Area (mm2)
0,13642.493117747197,784.0,17.401139180799998,1.0,21.67512752710459,21.67512752710459,1.984403875
